{
  "GET Quarantine" : {
    "transaction" : "GET Quarantine",
    "sampleCount" : 6,
    "errorCount" : 0,
    "errorPct" : 0.0,
    "meanResTime" : 24.5,
    "medianResTime" : 28.5,
    "minResTime" : 7.0,
    "maxResTime" : 35.0,
    "pct1ResTime" : 35.0,
    "pct2ResTime" : 35.0,
    "pct3ResTime" : 35.0,
    "throughput" : 3.5566093657379962,
    "receivedKBytesPerSec" : 1.7539919235328987,
    "sentKBytesPerSec" : 1.0836544161232957
  },
  "Login (Usuario)" : {
    "transaction" : "Login (Usuario)",
    "sampleCount" : 6,
    "errorCount" : 0,
    "errorPct" : 0.0,
    "meanResTime" : 1891.8333333333333,
    "medianResTime" : 1900.5,
    "minResTime" : 1586.0,
    "maxResTime" : 2174.0,
    "pct1ResTime" : 2174.0,
    "pct2ResTime" : 2174.0,
    "pct3ResTime" : 2174.0,
    "throughput" : 1.556420233463035,
    "receivedKBytesPerSec" : 0.9917619163424125,
    "sentKBytesPerSec" : 0.6056967412451362
  },
  "Total" : {
    "transaction" : "Total",
    "sampleCount" : 18,
    "errorCount" : 0,
    "errorPct" : 0.0,
    "meanResTime" : 646.6666666666666,
    "medianResTime" : 35.0,
    "minResTime" : 7.0,
    "maxResTime" : 2174.0,
    "pct1ResTime" : 2174.0,
    "pct2ResTime" : 2174.0,
    "pct3ResTime" : 2174.0,
    "throughput" : 2.789832610043397,
    "receivedKBytesPerSec" : 1.5166082222566646,
    "sentKBytesPerSec" : 0.8050737658865468
  },
  "GET CSRF Token" : {
    "transaction" : "GET CSRF Token",
    "sampleCount" : 6,
    "errorCount" : 0,
    "errorPct" : 0.0,
    "meanResTime" : 23.666666666666664,
    "medianResTime" : 10.0,
    "minResTime" : 7.0,
    "maxResTime" : 87.0,
    "pct1ResTime" : 87.0,
    "pct2ResTime" : 87.0,
    "pct3ResTime" : 87.0,
    "throughput" : 1.2468827930174564,
    "receivedKBytesPerSec" : 0.6240502259975061,
    "sentKBytesPerSec" : 0.2143079800498753
  }
}